timestamp,level,service,message
2026-02-02T22:20:31.707475,INFO,payment,User login
2026-02-02T22:20:31.909495,INFO,orders,User login
2026-02-02T22:20:32.116009,INFO,search,User login
2026-02-02T22:20:32.320520,INFO,orders,Request OK
2026-02-02T22:20:32.531120,ERROR,search,Null pointer
2026-02-02T22:20:32.735185,INFO,orders,User login
2026-02-02T22:20:32.948545,INFO,payment,User login
2026-02-02T22:20:33.158523,INFO,orders,Cache hit
2026-02-02T22:20:33.365746,INFO,search,User login
2026-02-02T22:20:33.566694,INFO,payment,Cache hit
2026-02-02T22:20:33.767196,INFO,payment,Request OK
2026-02-02T22:20:33.974501,INFO,auth,Request OK
2026-02-02T22:20:34.186659,INFO,search,Request OK
2026-02-02T22:20:34.399954,INFO,search,Request OK
2026-02-02T22:20:34.614079,ERROR,orders,Timeout
2026-02-02T22:20:34.828242,INFO,payment,User login
2026-02-02T22:20:35.036695,INFO,search,Cache hit
2026-02-02T22:20:35.255052,INFO,search,Request OK
2026-02-02T22:20:35.468611,INFO,search,Cache hit
2026-02-02T22:20:35.675101,INFO,orders,Request OK
2026-02-02T22:20:35.885066,INFO,payment,User login
2026-02-02T22:20:36.106784,INFO,auth,User login
2026-02-02T22:20:36.317719,INFO,orders,Request OK
2026-02-02T22:20:36.532407,ERROR,auth,Null pointer
2026-02-02T22:20:36.745982,INFO,orders,Request OK
2026-02-02T22:20:36.958387,INFO,payment,Cache hit
2026-02-02T22:20:37.172792,INFO,search,Cache hit
2026-02-02T22:20:37.372839,INFO,orders,Cache hit
2026-02-02T22:20:37.583511,INFO,orders,Cache hit
2026-02-02T22:20:37.793353,INFO,auth,Request OK
2026-02-02T22:20:38.008175,INFO,auth,User login
2026-02-02T22:20:38.218021,INFO,payment,Request OK
2026-02-02T22:20:38.421379,INFO,search,User login
2026-02-02T22:20:38.624831,INFO,orders,Request OK
2026-02-02T22:20:38.834380,INFO,auth,User login
2026-02-02T22:20:39.051312,INFO,orders,User login
2026-02-02T22:20:39.262327,INFO,auth,Cache hit
2026-02-02T22:20:39.482568,INFO,payment,Cache hit
2026-02-02T22:20:39.692213,ERROR,auth,DB failure
2026-02-02T22:20:39.910059,INFO,auth,Request OK
2026-02-02T22:20:40.120900,INFO,auth,Cache hit
2026-02-02T22:20:40.334892,INFO,auth,Cache hit
2026-02-02T22:20:40.552786,INFO,search,User login
2026-02-02T22:20:40.773561,INFO,search,User login
2026-02-02T22:20:40.992152,INFO,auth,Cache hit
2026-02-02T22:20:41.202779,ERROR,search,Timeout
2026-02-02T22:20:41.416619,INFO,orders,User login
2026-02-02T22:20:41.629605,INFO,orders,User login
2026-02-02T22:20:41.830722,INFO,payment,Cache hit
2026-02-02T22:20:42.043013,ERROR,orders,Timeout
2026-02-02T22:20:42.255871,WARN,payment,User login
2026-02-02T22:20:42.473923,INFO,search,User login
2026-02-02T22:20:42.687467,INFO,payment,User login
